date,category,selected_model,horizon_day,horizon_week,forecast,interval_half_width,lower,upper
2026-01-01,Beauty,driver_ridge,1,1,2387.601187615622,185.56726180546002,2202.033925810162,2573.168449421082
2026-01-02,Beauty,driver_ridge,2,1,2477.4817595294458,185.56726180546002,2291.9144977239857,2663.049021334906
2026-01-03,Beauty,driver_ridge,3,1,2012.7144648145131,185.56726180546002,1827.147203009053,2198.281726619973
2026-01-04,Beauty,driver_ridge,4,1,1816.09191650816,185.56726180546002,1630.5246547027,2001.65917831362
2026-01-05,Beauty,driver_ridge,5,1,1860.9265176598922,185.56726180546002,1675.3592558544321,2046.4937794653522
2026-01-06,Beauty,driver_ridge,6,1,1831.4842436185563,185.56726180546002,1645.9169818130963,2017.0515054240163
2026-01-07,Beauty,driver_ridge,7,1,1959.0393878351574,185.56726180546002,1773.4721260296974,2144.6066496406174
2026-01-08,Beauty,driver_ridge,8,2,1980.5415569107313,115.83338567245369,1864.7081712382776,2096.3749425831847
2026-01-09,Beauty,driver_ridge,9,2,2065.9862512483346,115.83338567245369,1950.152865575881,2181.819636920788
2026-01-10,Beauty,driver_ridge,10,2,1986.6107143947665,115.83338567245369,1870.7773287223129,2102.4441000672205
2026-01-11,Beauty,driver_ridge,11,2,1880.0957275440505,115.83338567245369,1764.2623418715968,1995.9291132165042
2026-01-12,Beauty,driver_ridge,12,2,1890.9005408072114,115.83338567245369,1775.0671551347577,2006.7339264796651
2026-01-13,Beauty,driver_ridge,13,2,1882.0444465292248,115.83338567245369,1766.2110608567712,1997.8778322016785
2026-01-14,Beauty,driver_ridge,14,2,1952.1999533440212,115.83338567245369,1836.3665676715675,2068.033339016475
2026-01-15,Beauty,driver_ridge,15,3,1994.68600389722,104.48649973856527,1890.1995041586547,2099.1725036357852
2026-01-16,Beauty,driver_ridge,16,3,2091.902397820047,104.48649973856527,1987.4158980814818,2196.3888975586124
2026-01-17,Beauty,driver_ridge,17,3,2022.5507593159598,104.48649973856527,1918.0642595773945,2127.037259054525
2026-01-18,Beauty,driver_ridge,18,3,1846.879424356097,104.48649973856527,1742.3929246175317,1951.3659240946622
2026-01-19,Beauty,driver_ridge,19,3,1809.3635403767935,104.48649973856527,1704.8770406382282,1913.8500401153588
2026-01-20,Beauty,driver_ridge,20,3,1821.381134636069,104.48649973856527,1716.8946348975037,1925.8676343746342
2026-01-21,Beauty,driver_ridge,21,3,1879.3763952283807,104.48649973856527,1774.8898954898154,1983.862894966946
2026-01-22,Beauty,driver_ridge,22,4,1957.4404331209244,150.29462586084856,1807.1458072600758,2107.735058981773
2026-01-23,Beauty,driver_ridge,23,4,2012.608341178671,150.29462586084856,1862.3137153178225,2162.9029670395194
2026-01-24,Beauty,driver_ridge,24,4,2047.9199094568885,150.29462586084856,1897.62528359604,2198.214535317737
2026-01-25,Beauty,driver_ridge,25,4,1918.400790166283,150.29462586084856,1768.1061643054345,2068.6954160271316
2026-01-26,Beauty,driver_ridge,26,4,1905.3412546097613,150.29462586084856,1755.0466287489128,2055.6358804706097
2026-01-27,Beauty,driver_ridge,27,4,1876.888942447468,150.29462586084856,1726.5943165866195,2027.1835683083166
2026-01-28,Beauty,driver_ridge,28,4,1990.570943745618,150.29462586084856,1840.2763178847695,2140.8655696064666
2026-01-29,Beauty,driver_ridge,29,5,2031.6177528150736,183.08678796600043,1848.5309648490731,2214.704540781074
2026-01-30,Beauty,driver_ridge,30,5,2105.788560802381,183.08678796600043,1922.7017728363808,2288.8753487683816
2026-01-31,Beauty,driver_ridge,31,5,2063.557272898313,183.08678796600043,1880.4704849323125,2246.6440608643134
2026-02-01,Beauty,driver_ridge,32,5,1905.0911576334752,183.08678796600043,1722.0043696674747,2088.1779455994756
2026-02-02,Beauty,driver_ridge,33,5,1877.0732214856557,183.08678796600043,1693.9864335196553,2060.160009451656
2026-02-03,Beauty,driver_ridge,34,5,1874.0075564916758,183.08678796600043,1690.9207685256754,2057.094344457676
2026-02-04,Beauty,driver_ridge,35,5,1953.069857446347,183.08678796600043,1769.9830694803466,2136.1566454123476
2026-02-05,Beauty,driver_ridge,36,6,2013.9047113161528,171.09779016249536,1842.8069211536574,2185.002501478648
2026-02-06,Beauty,driver_ridge,37,6,2075.84110639151,171.09779016249536,1904.7433162290147,2246.9388965540056
2026-02-07,Beauty,driver_ridge,38,6,2065.1402123932503,171.09779016249536,1894.042422230755,2236.238002555746
2026-02-08,Beauty,driver_ridge,39,6,1947.4571772570523,171.09779016249536,1776.359387094557,2118.5549674195477
2026-02-09,Beauty,driver_ridge,40,6,1908.1171090942544,171.09779016249536,1737.019318931759,2079.21489925675
2026-02-10,Beauty,driver_ridge,41,6,1911.218744787394,171.09779016249536,1740.1209546248986,2082.3165349498895
2026-02-11,Beauty,driver_ridge,42,6,1957.596373432826,171.09779016249536,1786.4985832703308,2128.6941635953217
2026-02-12,Beauty,driver_ridge,43,7,2031.5977008933419,100.77713905022847,1930.8205618431134,2132.3748399435704
2026-02-13,Beauty,driver_ridge,44,7,2124.09101153162,100.77713905022847,2023.3138724813916,2224.8681505818486
2026-02-14,Beauty,driver_ridge,45,7,2094.9044957085453,100.77713905022847,1994.1273566583168,2195.6816347587737
2026-02-15,Beauty,driver_ridge,46,7,1960.9450485069472,100.77713905022847,1860.1679094567187,2061.722187557176
2026-02-16,Beauty,driver_ridge,47,7,1906.0466051730145,100.77713905022847,1805.269466122786,2006.823744223243
2026-02-17,Beauty,driver_ridge,48,7,1891.1095575995096,100.77713905022847,1790.332418549281,1991.886696649738
2026-02-18,Beauty,driver_ridge,49,7,1957.022050495145,100.77713905022847,1856.2449114449166,2057.7991895453733
2026-02-19,Beauty,driver_ridge,50,8,2037.351609576187,135.82298923353278,1901.5286203426542,2173.17459880972
2026-02-20,Beauty,driver_ridge,51,8,2107.0484632241696,135.82298923353278,1971.2254739906368,2242.8714524577026
2026-02-21,Beauty,driver_ridge,52,8,2129.615840383078,135.82298923353278,1993.7928511495454,2265.4388296166107
2026-02-22,Beauty,driver_ridge,53,8,2043.6307499961115,135.82298923353278,1907.8077607625787,2179.4537392296443
2026-02-23,Beauty,driver_ridge,54,8,2020.9898042211205,135.82298923353278,1885.1668149875877,2156.8127934546533
2026-02-24,Beauty,driver_ridge,55,8,1992.0754989490024,135.82298923353278,1856.2525097154696,2127.8984881825354
2026-02-25,Beauty,driver_ridge,56,8,2094.939590874028,135.82298923353278,1959.1166016404952,2230.762580107561
2026-01-01,Electronics,driver_ridge,1,1,3283.607248793891,204.66409071138514,3078.9431580825058,3488.271339505276
2026-01-02,Electronics,driver_ridge,2,1,3400.332447498489,204.66409071138514,3195.6683567871037,3604.996538209874
2026-01-03,Electronics,driver_ridge,3,1,3461.26229801533,204.66409071138514,3256.598207303945,3665.9263887267152
2026-01-04,Electronics,driver_ridge,4,1,3109.225574815268,204.66409071138514,2904.561484103883,3313.889665526653
2026-01-05,Electronics,driver_ridge,5,1,2058.646659594173,204.66409071138514,1853.9825688827877,2263.310750305558
2026-01-06,Electronics,driver_ridge,6,1,2295.9228086822773,204.66409071138514,2091.258717970892,2500.5868993936624
2026-01-07,Electronics,driver_ridge,7,1,2439.169895369311,204.66409071138514,2234.5058046579256,2643.833986080696
2026-01-08,Electronics,driver_ridge,8,2,2598.2908593651628,183.96527917595404,2414.3255801892087,2782.256138541117
2026-01-09,Electronics,driver_ridge,9,2,2653.65703577941,183.96527917595404,2469.691756603456,2837.622314955364
2026-01-10,Electronics,driver_ridge,10,2,2642.1085604551054,183.96527917595404,2458.1432812791513,2826.0738396310594
2026-01-11,Electronics,driver_ridge,11,2,2342.208609294491,183.96527917595404,2158.243330118537,2526.173888470445
2026-01-12,Electronics,driver_ridge,12,2,2128.8984578916516,183.96527917595404,1944.9331787156975,2312.8637370676056
2026-01-13,Electronics,driver_ridge,13,2,2367.240160390146,183.96527917595404,2183.2748812141917,2551.2054395661
2026-01-14,Electronics,driver_ridge,14,2,2546.433362145281,183.96527917595404,2362.468082969327,2730.398641321235
2026-01-15,Electronics,driver_ridge,15,3,2606.1423914166385,201.51645454588925,2404.6259368707492,2807.6588459625277
2026-01-16,Electronics,driver_ridge,16,3,2684.93388169797,201.51645454588925,2483.4174271520806,2886.450336243859
2026-01-17,Electronics,driver_ridge,17,3,2763.661504966469,201.51645454588925,2562.1450504205795,2965.177959512358
2026-01-18,Electronics,driver_ridge,18,3,2401.8378878145504,201.51645454588925,2200.321433268661,2603.3543423604397
2026-01-19,Electronics,driver_ridge,19,3,2125.163188086434,201.51645454588925,1923.6467335405446,2326.679642632323
2026-01-20,Electronics,driver_ridge,20,3,2241.566788373015,201.51645454588925,2040.0503338271255,2443.083242918904
2026-01-21,Electronics,driver_ridge,21,3,2368.257403959067,201.51645454588925,2166.7409494131775,2569.773858504956
2026-01-22,Electronics,driver_ridge,22,4,2557.7680147442184,225.43005221160638,2332.337962532612,2783.1980669558247
2026-01-23,Electronics,driver_ridge,23,4,2607.0687342580486,225.43005221160638,2381.638682046442,2832.498786469655
2026-01-24,Electronics,driver_ridge,24,4,2636.890361094266,225.43005221160638,2411.46030888266,2862.3204133058725
2026-01-25,Electronics,driver_ridge,25,4,2291.4448466158415,225.43005221160638,2066.014794404235,2516.874898827448
2026-01-26,Electronics,driver_ridge,26,4,2187.808306648351,225.43005221160638,1962.3782544367446,2413.2383588599573
2026-01-27,Electronics,driver_ridge,27,4,2333.8820228995814,225.43005221160638,2108.451970687975,2559.312075111188
2026-01-28,Electronics,driver_ridge,28,4,2542.6915998174823,225.43005221160638,2317.261547605876,2768.1216520290886
2026-01-29,Electronics,driver_ridge,29,5,2654.393401641611,241.4293675342792,2412.964034107332,2895.8227691758902
2026-01-30,Electronics,driver_ridge,30,5,2780.6343139787755,241.4293675342792,2539.2049464444963,3022.0636815130547
2026-01-31,Electronics,driver_ridge,31,5,2766.6597921587518,241.4293675342792,2525.2304246244726,3008.089159693031
2026-02-01,Electronics,driver_ridge,32,5,2514.4708827987415,241.4293675342792,2273.0415152644623,2755.9002503330207
2026-02-02,Electronics,driver_ridge,33,5,2260.3464558737096,241.4293675342792,2018.9170883394304,2501.775823407989
2026-02-03,Electronics,driver_ridge,34,5,2323.6594671868966,241.4293675342792,2082.2300996526174,2565.0888347211758
2026-02-04,Electronics,driver_ridge,35,5,2479.858689550303,241.4293675342792,2238.429322016024,2721.2880570845823
2026-02-05,Electronics,driver_ridge,36,6,2638.8653468507546,312.11413376450855,2326.751213086246,2950.979480615263
2026-02-06,Electronics,driver_ridge,37,6,2747.5085909565414,312.11413376450855,2435.394457192033,3059.62272472105
2026-02-07,Electronics,driver_ridge,38,6,2688.1757400486254,312.11413376450855,2376.061606284117,3000.289873813134
2026-02-08,Electronics,driver_ridge,39,6,2460.8036927400244,312.11413376450855,2148.689558975516,2772.917826504533
2026-02-09,Electronics,driver_ridge,40,6,2311.9165355543646,312.11413376450855,1999.802401789856,2624.030669318873
2026-02-10,Electronics,driver_ridge,41,6,2382.079987056662,312.11413376450855,2069.9658532921535,2694.1941208211706
2026-02-11,Electronics,driver_ridge,42,6,2545.3675610692153,312.11413376450855,2233.2534273047067,2857.481694833724
2026-02-12,Electronics,driver_ridge,43,7,2648.5150559264393,287.4575382451776,2361.0575176812617,2935.972594171617
2026-02-13,Electronics,driver_ridge,44,7,2759.5245620776045,287.4575382451776,2472.067023832427,3046.982100322782
2026-02-14,Electronics,driver_ridge,45,7,2760.818826231392,287.4575382451776,2473.3612879862144,3048.2763644765696
2026-02-15,Electronics,driver_ridge,46,7,2501.6483170965134,287.4575382451776,2214.190778851336,2789.105855341691
2026-02-16,Electronics,driver_ridge,47,7,2340.234785951296,287.4575382451776,2052.7772477061185,2627.6923241964737
2026-02-17,Electronics,driver_ridge,48,7,2400.88232228571,287.4575382451776,2113.4247840405324,2688.3398605308876
2026-02-18,Electronics,driver_ridge,49,7,2532.650971071466,287.4575382451776,2245.1934328262882,2820.1085093166434
2026-02-19,Electronics,driver_ridge,50,8,2713.5173583215756,228.18700281313113,2485.3303555084444,2941.7043611347067
2026-02-20,Electronics,driver_ridge,51,8,2783.964596749006,228.18700281313113,2555.777593935875,3012.151599562137
2026-02-21,Electronics,driver_ridge,52,8,2766.16095291008,228.18700281313113,2537.973950096949,2994.3479557232113
2026-02-22,Electronics,driver_ridge,53,8,2502.680058119386,228.18700281313113,2274.493055306255,2730.8670609325172
2026-02-23,Electronics,driver_ridge,54,8,2391.782690741786,228.18700281313113,2163.595687928655,2619.9696935549173
2026-02-24,Electronics,driver_ridge,55,8,2507.208160155963,228.18700281313113,2279.021157342832,2735.395162969094
2026-02-25,Electronics,driver_ridge,56,8,2681.6761912733195,228.18700281313113,2453.4891884601884,2909.8631940864507
2026-01-01,Grocery,driver_ridge,1,1,5525.418201399652,293.6689105827845,5231.749290816868,5819.087111982437
2026-01-02,Grocery,driver_ridge,2,1,5582.26710589134,293.6689105827845,5288.598195308556,5875.936016474125
2026-01-03,Grocery,driver_ridge,3,1,5775.310811699916,293.6689105827845,5481.641901117131,6068.9797222827
2026-01-04,Grocery,driver_ridge,4,1,5281.19134402214,293.6689105827845,4987.522433439355,5574.860254604924
2026-01-05,Grocery,driver_ridge,5,1,5341.769413338164,293.6689105827845,5048.100502755379,5635.438323920948
2026-01-06,Grocery,driver_ridge,6,1,5401.495961197507,293.6689105827845,5107.827050614723,5695.164871780292
2026-01-07,Grocery,driver_ridge,7,1,4791.753210169731,293.6689105827845,4498.084299586946,5085.422120752515
2026-01-08,Grocery,driver_ridge,8,2,4954.2694739373,247.35961192872765,4706.909862008572,5201.629085866028
2026-01-09,Grocery,driver_ridge,9,2,5021.946673669629,247.35961192872765,4774.587061740901,5269.306285598356
2026-01-10,Grocery,driver_ridge,10,2,5198.557555077603,247.35961192872765,4951.197943148875,5445.917167006331
2026-01-11,Grocery,driver_ridge,11,2,4859.432346873227,247.35961192872765,4612.0727349445,5106.791958801955
2026-01-12,Grocery,driver_ridge,12,2,4791.914587249909,247.35961192872765,4544.554975321182,5039.274199178637
2026-01-13,Grocery,driver_ridge,13,2,4849.192615543201,247.35961192872765,4601.8330036144735,5096.552227471929
2026-01-14,Grocery,driver_ridge,14,2,4801.11873075051,247.35961192872765,4553.759118821782,5048.478342679237
2026-01-15,Grocery,driver_ridge,15,3,5079.368519579959,265.05798776761276,4814.310531812346,5344.426507347572
2026-01-16,Grocery,driver_ridge,16,3,5228.7067307092575,265.05798776761276,4963.648742941645,5493.76471847687
2026-01-17,Grocery,driver_ridge,17,3,5295.459072181283,265.05798776761276,5030.40108441367,5560.517059948896
2026-01-18,Grocery,driver_ridge,18,3,4809.707532191543,265.05798776761276,4544.64954442393,5074.765519959155
2026-01-19,Grocery,driver_ridge,19,3,4901.269694659932,265.05798776761276,4636.211706892319,5166.3276824275445
2026-01-20,Grocery,driver_ridge,20,3,4890.022622939246,265.05798776761276,4624.964635171633,5155.080610706858
2026-01-21,Grocery,driver_ridge,21,3,4782.4614721830985,265.05798776761276,4517.403484415486,5047.519459950711
2026-01-22,Grocery,driver_ridge,22,4,4993.130829557643,265.1343675054013,4727.996462052241,5258.265197063044
2026-01-23,Grocery,driver_ridge,23,4,5051.126978495904,265.1343675054013,4785.992610990503,5316.261346001305
2026-01-24,Grocery,driver_ridge,24,4,5211.286380380849,265.1343675054013,4946.152012875447,5476.42074788625
2026-01-25,Grocery,driver_ridge,25,4,4799.019484507666,265.1343675054013,4533.885117002264,5064.153852013067
2026-01-26,Grocery,driver_ridge,26,4,4748.308275330276,265.1343675054013,4483.173907824875,5013.442642835677
2026-01-27,Grocery,driver_ridge,27,4,4804.99991013183,265.1343675054013,4539.865542626429,5070.134277637231
2026-01-28,Grocery,driver_ridge,28,4,4843.520681957732,265.1343675054013,4578.386314452331,5108.655049463134
2026-01-29,Grocery,driver_ridge,29,5,5131.527676742217,313.8221148091652,4817.705561933052,5445.349791551383
2026-01-30,Grocery,driver_ridge,30,5,5168.277648202196,313.8221148091652,4854.455533393031,5482.099763011362
2026-01-31,Grocery,driver_ridge,31,5,5283.47220483381,313.8221148091652,4969.650090024645,5597.294319642975
2026-02-01,Grocery,driver_ridge,32,5,4965.495966127632,313.8221148091652,4651.673851318466,5279.318080936797
2026-02-02,Grocery,driver_ridge,33,5,4921.145930829416,313.8221148091652,4607.323816020251,5234.968045638581
2026-02-03,Grocery,driver_ridge,34,5,4954.780155738932,313.8221148091652,4640.958040929767,5268.602270548097
2026-02-04,Grocery,driver_ridge,35,5,4920.004183005215,313.8221148091652,4606.18206819605,5233.82629781438
2026-02-05,Grocery,driver_ridge,36,6,5040.312485146276,310.1494133570259,4730.16307178925,5350.461898503302
2026-02-06,Grocery,driver_ridge,37,6,5113.321801333544,310.1494133570259,4803.172387976518,5423.4712146905695
2026-02-07,Grocery,driver_ridge,38,6,5198.15671901395,310.1494133570259,4888.0073056569245,5508.306132370976
2026-02-08,Grocery,driver_ridge,39,6,4925.224394831862,310.1494133570259,4615.074981474836,5235.373808188888
2026-02-09,Grocery,driver_ridge,40,6,4853.528892913606,310.1494133570259,4543.37947955658,5163.678306270632
2026-02-10,Grocery,driver_ridge,41,6,4853.543777016002,310.1494133570259,4543.3943636589765,5163.693190373028
2026-02-11,Grocery,driver_ridge,42,6,4909.031230232811,310.1494133570259,4598.881816875785,5219.180643589837
2026-02-12,Grocery,driver_ridge,43,7,5120.05089270013,294.49809152351736,4825.552801176613,5414.5489842236475
2026-02-13,Grocery,driver_ridge,44,7,5227.263121320779,294.49809152351736,4932.765029797261,5521.761212844296
2026-02-14,Grocery,driver_ridge,45,7,5254.393244712828,294.49809152351736,4959.895153189311,5548.8913362363455
2026-02-15,Grocery,driver_ridge,46,7,4928.455347098469,294.49809152351736,4633.957255574952,5222.953438621987
2026-02-16,Grocery,driver_ridge,47,7,4942.056813029955,294.49809152351736,4647.558721506438,5236.554904553473
2026-02-17,Grocery,driver_ridge,48,7,4937.065989275828,294.49809152351736,4642.56789775231,5231.564080799345
2026-02-18,Grocery,driver_ridge,49,7,4942.746809414606,294.49809152351736,4648.248717891089,5237.2449009381235
2026-02-19,Grocery,driver_ridge,50,8,5135.212352022585,325.3429913229238,4809.869360699661,5460.555343345509
2026-02-20,Grocery,driver_ridge,51,8,5199.589524511531,325.3429913229238,4874.246533188607,5524.9325158344545
2026-02-21,Grocery,driver_ridge,52,8,5290.926950543599,325.3429913229238,4965.583959220675,5616.2699418665225
2026-02-22,Grocery,driver_ridge,53,8,4954.33997861536,325.3429913229238,4628.996987292437,5279.682969938284
2026-02-23,Grocery,driver_ridge,54,8,4911.060150541749,325.3429913229238,4585.717159218825,5236.403141864673
2026-02-24,Grocery,driver_ridge,55,8,4943.673253086783,325.3429913229238,4618.330261763859,5269.016244409707
2026-02-25,Grocery,driver_ridge,56,8,5003.385498325568,325.3429913229238,4678.042507002644,5328.728489648492
2026-01-01,Home,driver_ridge,1,1,2560.2448408784808,147.69944893915635,2412.5453919393244,2707.944289817637
2026-01-02,Home,driver_ridge,2,1,2649.9196949002453,147.69944893915635,2502.220245961089,2797.6191438394017
2026-01-03,Home,driver_ridge,3,1,2695.504164534319,147.69944893915635,2547.8047155951626,2843.2036134734753
2026-01-04,Home,driver_ridge,4,1,1942.9088552686542,147.69944893915635,1795.2094063294978,2090.6083042078108
2026-01-05,Home,driver_ridge,5,1,2047.9147337206673,147.69944893915635,1900.215284781511,2195.6141826598237
2026-01-06,Home,driver_ridge,6,1,1964.5538027255964,147.69944893915635,1816.85435378644,2112.2532516647525
2026-01-07,Home,driver_ridge,7,1,2093.9556038903556,147.69944893915635,1946.2561549511993,2241.655052829512
2026-01-08,Home,driver_ridge,8,2,2095.4902068619394,150.6831887248677,1944.8070181370717,2246.173395586807
2026-01-09,Home,driver_ridge,9,2,2236.693705804326,150.6831887248677,2086.010517079458,2387.3768945291936
2026-01-10,Home,driver_ridge,10,2,2254.8570259106905,150.6831887248677,2104.173837185823,2405.540214635558
2026-01-11,Home,driver_ridge,11,2,1973.1760567049685,150.6831887248677,1822.4928679801008,2123.859245429836
2026-01-12,Home,driver_ridge,12,2,2026.8402286277612,150.6831887248677,1876.1570399028935,2177.5234173526287
2026-01-13,Home,driver_ridge,13,2,2038.9405826997504,150.6831887248677,1888.2573939748827,2189.623771424618
2026-01-14,Home,driver_ridge,14,2,2108.074771161114,150.6831887248677,1957.3915824362462,2258.7579598859816
2026-01-15,Home,driver_ridge,15,3,2189.6412707684167,171.9803578523381,2017.6609129160786,2361.6216286207546
2026-01-16,Home,driver_ridge,16,3,2283.7862016090958,171.9803578523381,2111.805843756758,2455.7665594614336
2026-01-17,Home,driver_ridge,17,3,2298.6700311301724,171.9803578523381,2126.689673277834,2470.650388982511
2026-01-18,Home,driver_ridge,18,3,1972.0219535343201,171.9803578523381,1800.041595681982,2144.002311386658
2026-01-19,Home,driver_ridge,19,3,2032.7434908050657,171.9803578523381,1860.7631329527276,2204.723848657404
2026-01-20,Home,driver_ridge,20,3,1962.7765148627532,171.9803578523381,1790.796157010415,2134.756872715091
2026-01-21,Home,driver_ridge,21,3,2075.067531732867,171.9803578523381,1903.0871738805288,2247.0478895852048
2026-01-22,Home,driver_ridge,22,4,2141.5504539777003,193.38215938814005,1948.1682945895602,2334.9326133658406
2026-01-23,Home,driver_ridge,23,4,2254.2096527560107,193.38215938814005,2060.8274933678704,2447.591812144151
2026-01-24,Home,driver_ridge,24,4,2264.4775842008535,193.38215938814005,2071.0954248127136,2457.8597435889933
2026-01-25,Home,driver_ridge,25,4,2015.8006041281214,193.38215938814005,1822.4184447399814,2209.1827635162617
2026-01-26,Home,driver_ridge,26,4,2114.810435971672,193.38215938814005,1921.4282765835321,2308.192595359812
2026-01-27,Home,driver_ridge,27,4,2061.363710811116,193.38215938814005,1867.981551422976,2254.7458701992564
2026-01-28,Home,driver_ridge,28,4,2238.858293822299,193.38215938814005,2045.476134434159,2432.2404532104392
2026-01-29,Home,driver_ridge,29,5,2267.16231056655,181.72292428790388,2085.439386278646,2448.8852348544538
2026-01-30,Home,driver_ridge,30,5,2338.0240031258063,181.72292428790388,2156.3010788379024,2519.74692741371
2026-01-31,Home,driver_ridge,31,5,2353.2278780890306,181.72292428790388,2171.5049538011267,2534.9508023769345
2026-02-01,Home,driver_ridge,32,5,2099.1039205337206,181.72292428790388,1917.3809962458167,2280.8268448216245
2026-02-02,Home,driver_ridge,33,5,2076.3761389112924,181.72292428790388,1894.6532146233885,2258.0990631991963
2026-02-03,Home,driver_ridge,34,5,2040.8259214343107,181.72292428790388,1859.1029971464068,2222.5488457222145
2026-02-04,Home,driver_ridge,35,5,2151.6198662436555,181.72292428790388,1969.8969419557516,2333.3427905315593
2026-02-05,Home,driver_ridge,36,6,2194.7059849232387,193.04113414147332,2001.6648507817654,2387.747119064712
2026-02-06,Home,driver_ridge,37,6,2329.704111970239,193.04113414147332,2136.6629778287656,2522.7452461117123
2026-02-07,Home,driver_ridge,38,6,2322.332582942051,193.04113414147332,2129.2914488005777,2515.3737170835243
2026-02-08,Home,driver_ridge,39,6,2116.8068481913465,193.04113414147332,1923.7657140498732,2309.84798233282
2026-02-09,Home,driver_ridge,40,6,2094.6739289972807,193.04113414147332,1901.6327948558073,2287.715063138754
2026-02-10,Home,driver_ridge,41,6,2095.8708654662028,193.04113414147332,1902.8297313247294,2288.911999607676
2026-02-11,Home,driver_ridge,42,6,2162.455116064836,193.04113414147332,1969.4139819233628,2355.4962502063095
2026-02-12,Home,driver_ridge,43,7,2260.8318900136032,174.0449952457941,2086.786894767809,2434.8768852593976
2026-02-13,Home,driver_ridge,44,7,2350.8928137839166,174.0449952457941,2176.8478185381227,2524.9378090297105
2026-02-14,Home,driver_ridge,45,7,2352.5303334195705,174.0449952457941,2178.4853381737767,2526.5753286653644
2026-02-15,Home,driver_ridge,46,7,2153.792048085434,174.0449952457941,1979.74705283964,2327.8370433312284
2026-02-16,Home,driver_ridge,47,7,2143.310159887142,174.0449952457941,1969.265164641348,2317.3551551329365
2026-02-17,Home,driver_ridge,48,7,2096.2036927674017,174.0449952457941,1922.1586975216076,2270.2486880131955
2026-02-18,Home,driver_ridge,49,7,2177.9939628311445,174.0449952457941,2003.9489675853504,2352.038958076939
2026-02-19,Home,driver_ridge,50,8,2269.8986989396026,146.765759864061,2123.132939075542,2416.6644588036634
2026-02-20,Home,driver_ridge,51,8,2370.8078178105307,146.765759864061,2224.04205794647,2517.5735776745914
2026-02-21,Home,driver_ridge,52,8,2362.8194320589528,146.765759864061,2216.053672194892,2509.5851919230136
2026-02-22,Home,driver_ridge,53,8,2163.7670351869588,146.765759864061,2017.0012753228978,2310.53279505102
2026-02-23,Home,driver_ridge,54,8,2215.154520463869,146.765759864061,2068.388760599808,2361.9202803279304
2026-02-24,Home,driver_ridge,55,8,2170.260643775836,146.765759864061,2023.4948839117749,2317.0264036398967
2026-02-25,Home,driver_ridge,56,8,2310.3550546333154,146.765759864061,2163.5892947692546,2457.120814497376
